RISK_LEVEL,CUSTOMER_COUNT,BUREAU_HISTORY_RATE,PREVIOUS_APPLICATION_HISTORY_RATE,INSTALLMENT_HISTORY_RATE,POS_CASH_HISTORY_RATE,CREDIT_CARD_HISTORY_RATE,AVG_PREVIOUS_REFUSED_RATE,AVG_INSTALLMENT_LATE_RATE,AVG_POS_DPD_RATE,AVG_CREDIT_CARD_DPD_RATE
Low Risk,4097,0.9592384671711008,0.9804735172077129,0.9819380034171344,0.9799853551379057,0.370270929948743,0.053772347161546816,0.025866886454115716,0.0068283771543517615,0.003943498055327165
Medium Risk,18671,0.9028975416421188,0.979379786835199,0.9837180654490921,0.979808258797065,0.3460446682020245,0.08633650827577886,0.056283962069168886,0.013925212941501727,0.005396408732260637
High Risk,12754,0.8474204171240395,0.9808687470597459,0.9839266112592128,0.9815744080288537,0.3391877058177827,0.12090387300723923,0.0809774281112385,0.018345755678881772,0.006145841787072624
Very High Risk,13222,0.8110724549992436,0.9822265920435638,0.9835879594615036,0.9816971713810316,0.3289214944788988,0.1590132817836381,0.1037510026788516,0.023578931136222402,0.005471313894071123
