RISK_LEVEL,CUSTOMER_COUNT,TOTAL_CREDIT_AMOUNT,AVG_CREDIT_AMOUNT,AVG_INCOME_AMOUNT,AVG_ANNUITY_AMOUNT,AVG_LOAN_TO_INCOME,AVG_ANNUITY_TO_INCOME
Low Risk,4097,2098196176.5,512129.8941908714,192564.05491823284,29785.629607029532,2.767929200471641,0.1665984672844111
Medium Risk,18671,10382421199.5,556072.0475336083,184503.53858925606,29953.7247067645,3.2720903728362623,0.17992375435572525
High Risk,12754,6533583898.5,512277.2383957974,174400.026978987,28990.618080602166,3.247512147515986,0.18474617972831017
Very High Risk,13222,6173794516.5,466933.48332324915,169367.83379972773,28982.002231129936,3.066601896274506,0.1906456278500089
